Symbolin HTML,Symbolin TeX,Name,Explanation,Examples
Symbolin HTML,Symbolin TeX,Read as,Explanation,Examples
Symbolin HTML,Symbolin TeX,Category,Explanation,Examples
+,,addition plus;add arithmetic,2 + 7 means the sum of 2 and 7.,2 + 7 = 9
+,,disjoint union the disjoint union of ... and ... set theory,A1 + A2 means the disjoint union of sets A1 and A2.,"A1 = {3, 4, 5, 6} âˆ§ A2 = {7, 8, 9, 10} â‡’A1 + A2 = {(3, 1), (4, 1), (5, 1), (6, 1), (7, 2), (8, 2), (9, 2), (10, 2)}"
âˆ’,,subtraction minus;take;subtract arithmetic,36 âˆ’ 11 means the subtraction of 11 from 36.,36 âˆ’ 11 = 25
âˆ’,,negative sign negative;minus;the opposite of arithmetic,âˆ’3 means the additive inverse of the number 3.,âˆ’(âˆ’5) = 5
âˆ’,,set-theoretic complement minus;without set theory,A âˆ’ B means the set that contains all the elements of A that are not in B.(âˆ– can also be used for set-theoretic complement as described below.),"{1, 2, 4} âˆ’ {1, 3, 4} = {2}"
Â±,\pm,plus-minus plus or minus arithmetic,6 Â± 3 means both 6 + 3 and 6 âˆ’ 3.,"The equation x = 5 Â± âˆš4, has two solutions, x = 7 and x = 3."
Â±,\pm,plus-minus plus or minus measurement,10 Â± 2 or equivalently 10 Â± 20% means the range from 10 âˆ’ 2 to 10 + 2.,"If a = 100 Â± 1 mm, then a â‰¥ 99 mm and a â‰¤ 101 mm."
âˆ“,\mp,minus-plus minus or plus arithmetic,6 Â± (3 âˆ“ 5) means 6 + (3 âˆ’ 5) and 6 âˆ’ (3 + 5).,Used paired with Â± to mean the opposite cos(x Â± y) = cos(x) cos(y) âˆ“ sin(x) sin(y).
Ã—â‹…Â·,\times\cdot,multiplication times;multiplied by arithmetic,3 Ã— 4 or 3 â‹… 4 means the multiplication of 3 by 4.,7 â‹… 8 = 56
Ã—â‹…Â·,\times\cdot,dot product scalar product dot linear algebra vector algebra,u â‹… v means the dot product of vectors u and v,"(1, 2, 5) â‹… (3, 4, âˆ’1) = 6"
Ã—â‹…Â·,\times\cdot,cross product vector product cross linear algebra vector algebra,u Ã— v means the cross product of vectors u and v,"(1, 2, 5) Ã— (3, 4, âˆ’1) = i j k1 2 53 4 âˆ’1 = (âˆ’22, 16, âˆ’2)",i,j
Ã—â‹…Â·,\times\cdot,i,j,k
1,2,5
3,4,âˆ’1
placeholder (silent) functional analysis,A Â· means a placeholder for an argument of a function. Indicates the functional nature of an expression without assigning a specific symbol for an argument.,| Â· |
Ã·â„,\div,division (Obelus) divided by;over arithmetic,6 Ã· 3 or 6 â„ 3 means the division of 6 by 3.,2 Ã· 4 = 0.512 â„ 4 = 3
Ã·â„,\div,quotient group mod group theory,G / H means the quotient of group G modulo its subgroup H.,"{0, a, 2a, b, b + a, b + 2a} / {0, b} = {{0, b}, {a, b + a}, {2a, b + 2a}}"
Ã·â„,\div,quotient set mod set theory,A/~ means the set of all ~ equivalence classes in A.,"If we define ~ by x ~ y â‡” x âˆ’ y âˆˆ â„¤, then â„/~ = {x + n : n âˆˆ â„¤, x âˆˆ [0,1)}."
âˆš,\surd\sqrt{x},square root (radical symbol) the (principal) square root of real numbers,âˆšx means the nonnegative number whose square is x.,âˆš4 = 2
âˆš,\surd\sqrt{x},complex square root the (complex) square root of complex numbers,"If z = r exp(iÏ†) is represented in polar coordinates with âˆ’Ï€ < Ï† â‰¤ Ï€, then âˆšz = âˆšr exp(iÏ†/2).",âˆšâˆ’1 = i
âˆ‘,\sum,summation sum over ... from ... to ... of calculus,means .,
âˆ«,\int,indefinite integral or antiderivative indefinite integral of- OR -the antiderivative of calculus,âˆ« f(x) dx means a function whose derivative is f.,
âˆ«,\int,definite integral integral from ... to ... of ... with respect to calculus,âˆ«ba f(x) dx means the signed area between the x-axis and the graph of the function f between x = a and x = b.,âˆ«ba x2 dx = b3 âˆ’ a3/3
âˆ«,\int,line integral line/ path/ curve/ integral of ... along ... calculus,"âˆ«C f ds means the integral of f along the curve C, âˆ«ba f(r(t)) |r'(t)| dt, where r is a parametrization of C. (If the curve is closed, the symbol âˆ® may be used instead, as described below.)",
âˆ®,\oint,Contour integral;closed line integral contour integral of calculus,"Similar to the integral, but used to denote a single integration over a closed curve or loop. It is sometimes used in physics texts involving equations regarding Gauss's Law, and while these formulas involve a closed surface integral, the representations describe only the first integration of the volume over the enclosing surface. Instances where the latter requires simultaneous double integration, the symbol âˆ¯ would be more appropriate.  A third related symbol is the closed volume integral, denoted by the symbol âˆ°. The contour integral can also frequently be found with a subscript capital letter C, âˆ®C, denoting that a closed loop integral is, in fact, around a contour C, or sometimes dually appropriately, a circle C. In representations of Gauss's Law, a subscript capital S, âˆ®S, is used to denote that the integration is over a closed surface.","If C is a Jordan curve about 0, then âˆ®C 1/z dz = 2Ï€i."
...â‹¯â‹®â‹°â‹±,\ldots\cdots\vdots\ddots,ellipsis and so forth everywhere,Indicates omitted values from a pattern.,1/2 + 1/4 + 1/8 + 1/16 + â‹¯ = 1
âˆ´,\therefore,therefore therefore;so;hence everywhere,Sometimes used in proofs before logical consequences.,All humans are mortal. Socrates is a human. âˆ´ Socrates is mortal.
âˆµ,\because,because because;since everywhere,Sometimes used in proofs before reasoning.,11 is prime âˆµ it has no positive integer factors other than itself and one.
!,,factorial factorial combinatorics,means the product .,
!,,logical negation not propositional logic,"The statement !A is true if and only if A is false.A slash placed through another operator is the same as ""!"" placed in front.(The symbol ! is primarily from computer science. It is avoided in mathematical texts, where the notation Â¬A is preferred.)",!(!A) â‡” A x â‰  y  â‡”  !(x = y)
Â¬Ëœ,\neg,logical negation not propositional logic,"The statement Â¬A is true if and only if A is false.A slash placed through another operator is the same as ""Â¬"" placed in front.(The symbol ~ has many other uses, so Â¬  or the slash notation is preferred. Computer scientists will often use ! but this is avoided in mathematical texts.)",Â¬(Â¬A) â‡” A x â‰  y  â‡”  Â¬(x =  y)
âˆ,\propto,proportionality is proportional to;varies as everywhere,y âˆ x means that y = kx for some constant k.,"if y = 2x, then y âˆ x."
âˆ,\infty,infinity infinity numbers,âˆ is an element of the extended number line that is greater than all real numbers; it often occurs in limits.,
â– â–¡âˆâ–®â€£,\blacksquare\Box\blacktriangleright,end of proof QED;tombstone;Halmos finality symbol everywhere,Used to mark the end of a proof.(May also be written Q.E.D.),

Symbolin HTML,Symbolin TeX,Name,Explanation,Examples
Symbolin HTML,Symbolin TeX,Read as,Explanation,Examples
Symbolin HTML,Symbolin TeX,Category,Explanation,Examples
=,,equality is equal to;equals everywhere,means  and  represent the same thing or value.,
â‰ ,"\ne, \neq",inequality is not equal to;does not equal everywhere,"means that  and  do not represent the same thing or value.(The forms !=, /= or <> are generally used in programming languages where ease of typing and use of ASCII text is preferred.)",
â‰ˆ,\approx,approximately equal is approximately equal to everywhere,"x â‰ˆ y means x is approximately equal to y.This may also be written â‰ƒ, â‰…, ~, â™ (Libra Symbol), or â‰’.",Ï€ â‰ˆ 3.14159
â‰ˆ,\approx,isomorphism is isomorphic to group theory,"G â‰ˆ H means that group G is isomorphic (structurally identical) to group H.(â‰… can also be used for isomorphic, as described below.)",Q8 / C2 â‰ˆ V
~,\sim,probability distribution has distribution statistics,"X ~ D, means the random variable X has the probability distribution D.","X ~ N(0,1), the standard normal distribution"
~,\sim,row equivalence is row equivalent to matrix theory,A ~ B means that B can be generated by using a series of elementary row operations on A,
~,\sim,same order of magnitude roughly similar;poorly approximates;is on the order of approximation theory,"m ~ n means the quantities m and n have the same order of magnitude, or general size. (Note that ~ is used for an approximation that is poor, otherwise use  â‰ˆ .)",2 ~ 58 Ã— 9 ~ 100but Ï€2 â‰ˆ 10
~,\sim,similarity is similar to[9] geometry,â–³ABC ~ â–³DEF means triangle ABC is similar to (has the same shape) triangle DEF.,
~,\sim,asymptotically equivalent is asymptotically equivalent to asymptotic analysis,f ~ g means .,x ~ x+1
~,\sim,equivalence relation are in the same equivalence class everywhere,a ~ b means  (and equivalently ).,1 ~ 5 mod 4
=: := â‰¡ :â‡” â‰œ â‰  â‰,\equiv :\Leftrightarrow  \triangleq \stackrel{\mathrm{def}}{=} \overset{\underset{\mathrm{def}}{}}{=} \doteq,definition is defined as;is equal by definition to everywhere,"In definitions, the symbol ""="" is preferred over ""â‰¡"" or "":="".  (see Â§ Writing style in mathematics) x := y, y =: x or x â‰¡ y means x is defined to be another name for y, under certain assumptions taken in context. (Some writers use â‰¡ to mean congruence). P â‡” Q means P is defined to be logically equivalent to Q.",
â‰…,\cong,congruence is congruent to geometry,â–³ABC â‰… â–³DEF means triangle ABC is congruent to (has the same measurements as) triangle DEF.,
â‰…,\cong,isomorphic is isomorphic to abstract algebra,"G â‰… H means that group G is isomorphic (structurally identical) to group H.(â‰ˆ can also be used for isomorphic, as described above.)",V â‰… C2 Ã— C2
â‰¡,\equiv,congruence relation ... is congruent to ... modulo ... modular arithmetic,a â‰¡ b (mod n) means a âˆ’ b is divisible by n,5 â‰¡ 2 (mod 3)
â‰¡,\equiv,identical equality is identically equivalent to mathematical analysis,"for two functions f, g, means  for all x.[10]",
â‡”â†”,\Leftrightarrow \iff\leftrightarrow,material equivalence if and only if;iff propositional logic,A â‡” B means A is true if B is true and A is false if B is false.,x + 5 = y + 2  â‡”  x + 3 = y
:==:,,Assignment is defined to be everywhere,A := b means A is defined to have the value b.,"Let a := 3, then...  f(x) := x + 3"

Symbolin HTML,Symbolin TeX,Name,Explanation,Examples
Symbolin HTML,Symbolin TeX,Read as,Explanation,Examples
Symbolin HTML,Symbolin TeX,Category,Explanation,Examples
<>,,"strict inequality is less than,is greater than order theory",means x is less than y. means x is greater than y.,
<>,,proper subgroup is a proper subgroup of group theory,means H is a proper subgroup of G.,
â‰ªâ‰«,\ll\gg,"significant (strict) inequality is much less than,is much greater than order theory",x â‰ª y means x is much less than y.x â‰« y means x is much greater than y.,0.003 â‰ª 1000000
â‰ªâ‰«,\ll\gg,"asymptotic comparison is of smaller order than,is of greater order than analytic number theory","f â‰ª g means the growth of f is asymptotically bounded by g.(This is I. M. Vinogradov's notation. Another notation is the Big O notation, which looks like  f = O(g).)",x â‰ª ex
â‰ªâ‰«,\ll\gg,absolute continuity is absolutely continuous with respect to measure theory,"means that  is absolutely continuous with respect to , i.e., whenever , we have .","If  is the counting measure on  and  is the Lebesgue measure, then ."
â‰¤â‰¥,\le\ge,"inequality is less than or equal to,is greater than or equal to order theory","x â‰¤ y means x is less than or equal to y.x â‰¥ y means x is greater than or equal to y.(The forms <= and >= are generally used in programming languages, where ease of typing and use of ASCII text is preferred.)(â‰¦ and â‰§ are also used by some writers to mean the same thing as â‰¤ and â‰¥, but this usage seems to be less common.)",3 â‰¤ 4 and 5 â‰¤ 55 â‰¥ 4 and 5 â‰¥ 5
â‰¤â‰¥,\le\ge,subgroup is a subgroup of group theory,H â‰¤ G means H is a subgroup of G.,Z â‰¤ ZA3 â‰¤ S3
â‰¤â‰¥,\le\ge,reduction is reducible to computational complexity theory,A â‰¤ B means the problem A can be reduced to the problem B. Subscripts can be added to the â‰¤ to indicate what kind of reduction.,If  then
â‰¦â‰§,\leqq\geqq,congruence relation ... is less than ... is greater than ... modular arithmetic,,10a â‰¡ 5 (mod 5)   for 1 â‰¦ a â‰¦ 10
â‰¦â‰§,\leqq\geqq,vector inequality ... is less than or equal... is greater than or equal... order theory,"x â‰¦ y means that each component of vector x is less than or equal to each corresponding component of vector y.x â‰§ y means that each component of vector x is greater than or equal to each corresponding component of vector y.It is important to note that x â‰¦ y remains true if every element is equal. However, if the operator is changed, x â‰¤ y is true if and only if x â‰  y is also true.",
â‰ºâ‰»,\prec\succ,Karp reduction is Karp reducible to;is polynomial-time many-one reducible to computational complexity theory,L1 â‰º L2 means that the problem L1 is Karp reducible to L2.[11],"If L1 â‰º L2 and L2 âˆˆ P, then L1 âˆˆ P."
â‰ºâ‰»,\prec\succ,Nondominated order is nondominated by Multi-objective optimization,P â‰º Q means that the element P is nondominated by element Q.[12],If P1 â‰º Q2 then
â—…â–»â—…â–»,\triangleleft\triangleright,normal subgroup is a normal subgroup of group theory,N â—… G means that N is a normal subgroup of group G.,Z(G) â—… G
â—…â–»â—…â–»,\triangleleft\triangleright,ideal is an ideal of ring theory,I â—… R means that I is an ideal of ring R.,(2) â—… Z
â—…â–»â—…â–»,\triangleleft\triangleright,antijoin the antijoin of relational algebra,"R â–» S means the antijoin of the relations R and S, the tuples in R for which there is not a tuple in S that is equal on their common attribute names.",
â‡’â†’âŠƒ,\Rightarrow\rightarrow\supset,"material implication implies;if ... then propositional logic, Heyting algebra","A â‡’ B means if A is true then B is also true; if A is false then nothing is said about B.(â†’ may mean the same as â‡’, or it may have the meaning for functions given below.)(âŠƒ may mean the same as â‡’,[13] or it may have the meaning for superset given below.)","x = 6  â‡’  x2 âˆ’ 5 = 36 âˆ’ 5 = 31 is true, but x2 âˆ’ 5 = 36 âˆ’5 = 31   â‡’  x = 6 is in general false (since x could be âˆ’6)."
âŠ†âŠ‚,\subseteq\subset,subset is a subset of set theory,(subset) A âŠ† B means every element of A is also an element of B.[14](proper subset) A âŠ‚ B means A âŠ† B but A â‰  B. (Some writers use the symbol âŠ‚ as if it were the same as âŠ†.),(A âˆ© B) âŠ† Aâ„• âŠ‚ â„šâ„š âŠ‚ â„
âŠ‡âŠƒ,\supseteq\supset,superset is a superset of set theory,A âŠ‡ B means every element of B is also an element of A.A âŠƒ B means A âŠ‡ B but A â‰  B. (Some writers use the symbol âŠƒ as if it were the same as âŠ‡.),(A âˆª B) âŠ‡ Bâ„ âŠƒ â„š
,\Subset,compact embedding is compactly contained in set theory,A â‹ B means the closure of A is a compact subset of B.,
â†’,\to,"function arrow from ... to set theory, type theory",f: X â†’ Y means the function f maps the set X into the set Y.,Let f: â„¤ â†’ â„• âˆª {0} be defined by f(x) := x2.
â†¦,\mapsto,function arrow maps to set theory,f: a â†¦ b means the function f maps the element a to the element b.,Let f: x â†¦ x + 1 (the successor function).
â†,\leftarrow,Converse implication .. if .. logic,"a â† b means that for the propositions a and b, if b implies a, then a is the converse implication of b.a to the element b. This reads as ""a if b"", or ""not b without a"". It is not to be confused with the assignment operator in computer science.",
<:<Â·,,subtype is a subtype of type theory,T1 <: T2 means that T1 is a subtype of T2.,If S <: T and T <: U then S <: U (transitivity).
<:<Â·,,cover is covered by order theory,x <â€¢ y means that x is covered by y.,"{1, 8} <â€¢ {1, 3, 8} among the subsets of {1, 2, ..., 10} ordered by containment."
âŠ§,\vDash,entailment entails model theory,"A âŠ§ B means the sentence A entails the sentence B, that is in every model in which A is true, B is also true.",A âŠ§ A âˆ¨ Â¬A
âŠ¢,\vdash,"inference infers;is derived from propositional logic, predicate logic",x âŠ¢ y means y is derivable from x.,A â†’ B âŠ¢ Â¬B â†’ Â¬A
âŠ¢,\vdash,partition is a partition of number theory,p âŠ¢ n means that p is a partition of n.,"(4,3,1,1)  âŠ¢  9,"
âŸ¨|,\langle,bra vector the bra ...;the dual of ... Dirac notation,"âŸ¨Ï†| means the dual of the vector |Ï†âŸ©, a linear functional which maps a ket |ÏˆâŸ© onto the inner product âŸ¨Ï†|ÏˆâŸ©.",
|âŸ©,\rangle,ket vector the ket ...;the vector ... Dirac notation,"|Ï†âŸ© means the vector with label Ï†, which is in a Hilbert space.","A qubit's state can be represented as Î±|0âŸ©+ Î²|1âŸ©, where Î± and Î² are complex numbers s.t. |Î±|2 + |Î²|2 = 1."

Symbolin HTML,Symbolin TeX,Name,Explanation,Examples
Symbolin HTML,Symbolin TeX,Read as,Explanation,Examples
Symbolin HTML,Symbolin TeX,Category,Explanation,Examples
,{\ \choose\ },combination; binomial coefficient n choose k combinatorics,"means (in the case of n = positive integer) the number of combinations of k elements drawn from a set of n elements.(This may also be written as C(n, k), C(n; k), nCk, nCk, or .)",
,\left(\!\!{\ \choose\ }\!\!\right),multiset coefficient u multichoose k combinatorics,(when u is positive integer) means reverse or rising binomial coefficient.,
,\left\{ \begin{array}{lr} \ldots \\ \ldots \end{array}\right.,"piecewise-defined function;pattern matching;Switch statement is defined as ... if ..., or as ... if ...;match ... with everywhere","means the function f(x) is defined as a if the condition p(x) holds, or as b if the condition q(x) holds.(The body of a piecewise-defined function can have any finite number (not only just two) expression-condition pairs.)This symbol is also used in type theory for pattern matching the constructor of the value of an algebraic type.  For example  does pattern matching on the function's arguments and means that g(x) is defined as a, and g(y) is defined as b.(A pattern matching can have any finite number (not only just two) pattern-expression pairs.)",
|...|,"| \ldots | \!\,",absolute value;modulus absolute value of; modulus of numbers,|x| means the distance along the real line (or across the complex plane) between x and zero.,|3| = 3|â€“5| = |5| = 5| i | = 1| 3 + 4i | = 5
|...|,"| \ldots | \!\,",Euclidean norm or Euclidean length or magnitude Euclidean norm of geometry,|x| means the (Euclidean) length of vector x.,"For x = (3,âˆ’4)"
|...|,"| \ldots | \!\,",determinant determinant of matrix theory,|A| means the determinant of the matrix A,
|...|,"| \ldots | \!\,",cardinality cardinality of;size of;order of set theory,|X| means the cardinality of the set X.(# may be used instead as described below.),"|{3, 5, 7, 9}| = 4."
â€–...â€–,"\| \ldots \| \!\,",norm norm of;length of linear algebra,â€– x â€– means the norm of the element x of a normed vector space.[15],â€– x + y â€– â‰¤  â€– x â€–  +   â€– y â€–
â€–...â€–,"\| \ldots \| \!\,",nearest integer function nearest integer to numbers,"â€–xâ€– means the nearest integer to x.(This may also be written [x], âŒŠxâŒ‰, nint(x) or Round(x).)","â€–1â€– = 1, â€–1.6â€– = 2, â€–âˆ’2.4â€– = âˆ’2, â€–3.49â€– = 3"
"{ , }","{\{\ ,\!\ \}} \!\,",set brackets the set of ... set theory,"{a,b,c} means the set consisting of a, b, and c.[16]","â„• = { 1, 2, 3, ... }"
{ : }  { | }  { ; },"\{\ :\ \} \!\,\{\ |\ \} \!\,\{\ ;\ \} \!\,",set builder notation the set of ... such that set theory,{x : P(x)} means the set of all x for which P(x) is true.[16] {x | P(x)} is the same as {x : P(x)}.,"{n âˆˆ â„• : n2 < 20} = { 1, 2, 3, 4 }"
âŒŠ...âŒ‹,"\lfloor \ldots \rfloor \!\,",floor floor;greatest integer;entier numbers,"âŒŠxâŒ‹ means the floor of x, i.e. the largest integer less than or equal to x.(This may also be written [x], floor(x) or int(x).)","âŒŠ4âŒ‹ = 4, âŒŠ2.1âŒ‹ = 2, âŒŠ2.9âŒ‹ = 2, âŒŠâˆ’2.6âŒ‹ = âˆ’3"
âŒˆ...âŒ‰,"\lceil \ldots \rceil \!\,",ceiling ceiling numbers,"âŒˆxâŒ‰ means the ceiling of x, i.e. the smallest integer greater than or equal to x.(This may also be written ceil(x) or ceiling(x).)","âŒˆ4âŒ‰ = 4, âŒˆ2.1âŒ‰ = 3, âŒˆ2.9âŒ‰ = 3, âŒˆâˆ’2.6âŒ‰ = âˆ’2"
âŒŠ...âŒ‰,"\lfloor \ldots \rceil \!\,",nearest integer function nearest integer to numbers,"âŒŠxâŒ‰ means the nearest integer to x.(This may also be written [x], ||x||, nint(x) or Round(x).)","âŒŠ2âŒ‰ = 2, âŒŠ2.6âŒ‰ = 3, âŒŠâˆ’3.4âŒ‰ = âˆ’3, âŒŠ4.49âŒ‰ = 4"
[ : ],"[\ :\ ] \!\,",degree of a field extension the degree of field theory,[K : F] means the degree of the extension K : F.,[â„š(âˆš2) : â„š] = 2[â„‚ : â„] = 2[â„ : â„š] = âˆ
"[ ][ , ][ , , ]","[\ ] \!\,[\ ,\ ] \!\,",equivalence class the equivalence class of abstract algebra,"[a] means the equivalence class of a, i.e. {x : x ~ a}, where ~ is an equivalence relation.[a]R means the same, but with R as the equivalence relation.","Let a ~ b be true iff a â‰¡ b (mod 5). Then [2] = {..., âˆ’8, âˆ’3, 2, 7, ...}."
"[ ][ , ][ , , ]","[\ ] \!\,[\ ,\ ] \!\,",floor floor;greatest integer;entier numbers,"[x] means the floor of x, i.e. the largest integer less than or equal to x.(This may also be written âŒŠxâŒ‹, floor(x) or int(x). Not to be confused with the nearest integer function, as described below.)","[3] = 3, [3.5] = 3, [3.99] = 3, [âˆ’3.7] = âˆ’4"
"[ ][ , ][ , , ]","[\ ] \!\,[\ ,\ ] \!\,",nearest integer function nearest integer to numbers,"[x] means the nearest integer to x.(This may also be written âŒŠxâŒ‰, ||x||, nint(x) or Round(x). Not to be confused with the floor function, as described above.)","[2] = 2, [2.6] = 3, [âˆ’3.4] = âˆ’3, [4.49] = 4"
"[ ][ , ][ , , ]","[\ ] \!\,[\ ,\ ] \!\,","Iverson bracket 1 if true, 0 otherwise propositional logic",[S] maps a true statement S to 1 and a false statement S to 0.,"[0=5]=0, [7>0]=1, [2 âˆˆ {2,3,4}]=1, [5 âˆˆ {2,3,4}]=0"
"[ ][ , ][ , , ]","[\ ] \!\,[\ ,\ ] \!\,",image image of ... under ... everywhere,"f[X] means { f(x) : x âˆˆ X }, the image of the function f under the set X âŠ† dom(f).(This may also be written as f(X) if there is no risk of confusing the image of f under X with the function application f of X. Another notation is Im f, the image of f under its domain.)",
"[ ][ , ][ , , ]","[\ ] \!\,[\ ,\ ] \!\,",closed interval closed interval order theory,.,"0 and 1/2 are in the interval [0,1]."
"[ ][ , ][ , , ]","[\ ] \!\,[\ ,\ ] \!\,","commutator the commutator of group theory, ring theory","[g, h] = gâˆ’1hâˆ’1gh (or ghgâˆ’1hâˆ’1), if g, h âˆˆ G (a group).[a, b] = ab âˆ’ ba, if a, b âˆˆ R (a ring or commutative algebra).","xy = x[x, y] (group theory).[AB, C] = A[B, C] + [A, C]B (ring theory)."
"[ ][ , ][ , , ]","[\ ] \!\,[\ ,\ ] \!\,",triple scalar product the triple scalar product of vector calculus,"[a, b, c] = a Ã— b Â· c, the scalar product of a Ã— b with c.","[a, b, c] = [b, c, a] = [c, a, b]."
"( )( , )","(\ ) \!\,(\ ,\ ) \!\,",function application of set theory,f(x) means the value of the function f at the element x.,"If f(x) := x2 âˆ’ 5, then f(6) = 62 âˆ’ 5 = 36 âˆ’ 5=31."
"( )( , )","(\ ) \!\,(\ ,\ ) \!\,",image image of ... under ... everywhere,"f(X) means { f(x) : x âˆˆ X }, the image of the function f under the set X âŠ† dom(f).(This may also be written as f[X] if there is a risk of confusing the image of f under X with the function application f of X. Another notation is Im f, the image of f under its domain.)",
"( )( , )","(\ ) \!\,(\ ,\ ) \!\,",precedence grouping parentheses everywhere,Perform the operations inside the parentheses first.,"(8/4)/2 = 2/2 = 1, but 8/(4/2) = 8/2 = 4."
"( )( , )","(\ ) \!\,(\ ,\ ) \!\,",tuple tuple; n-tuple;ordered pair/triple/etc;row vector; sequence everywhere,"An ordered list (or sequence, or horizontal vector, or row vector) of values. (Note that the notation (a,b) is ambiguous: it could be an ordered pair or an open interval. Set theorists and computer scientists often use angle brackets âŸ¨ âŸ© instead of parentheses.)","(a, b) is an ordered pair (or 2-tuple). (a, b, c) is an ordered triple (or 3-tuple). ( ) is the empty tuple (or 0-tuple)."
"( )( , )","(\ ) \!\,(\ ,\ ) \!\,",highest common factor highest common factor;greatest common divisor; hcf; gcd number theory,"(a, b) means the highest common factor of a and b.(This may also be written hcf(a, b) or gcd(a, b).)","(3, 7) = 1 (they are coprime); (15, 25) = 5."
"( , )] , [","(\ ,\ ) \!\,(\ ,\ ) \!\,]\ ,\ [ \!\,]",open interval open interval order theory,". (Note that the notation (a,b) is ambiguous: it could be an ordered pair or an open interval. The notation ]a,b[ can be used instead.)","4 is not in the interval (4, 18). (0, +âˆ) equals the set of positive real numbers."
"( , ]] , ]","(\ ,\ ] \!\,\ ,\ ] \!\,]",left-open interval half-open interval;left-open interval order theory,.,"(âˆ’1, 7] and (âˆ’âˆ, âˆ’1]"
"[ , )[ , [","[\ ,\ ) \!\,[\ ,\ [ \!\,",right-open interval half-open interval;right-open interval order theory,.,"[4, 18) and [1, +âˆ)"
"âŸ¨âŸ©âŸ¨,âŸ©","\langle\ \rangle \!\,\langle\ ,\ \rangle \!\,",inner product inner product of linear algebra,"âŸ¨u,vâŸ© means the inner product of u and v, where u and v are members of an inner product space.Note that the notation âŸ¨u, vâŸ© may be ambiguous: it could mean the inner product or the linear span.There are many variants of the notation, such as âŸ¨u | vâŸ© and (u | v), which are described below. For spatial vectors, the dot product notation, x Â· y is common. For matrices, the colon notation A : B may be used. As âŸ¨ and âŸ© can be hard to type, the more ""keyboard friendly"" forms < and > are sometimes seen. These are avoided in mathematical texts.","The standard inner product between two vectors x = (2, 3) and y = (âˆ’1, 5) is:âŸ¨x, yâŸ© = 2 Ã— âˆ’1 + 3 Ã— 5 = 13"
"âŸ¨âŸ©âŸ¨,âŸ©","\langle\ \rangle \!\,\langle\ ,\ \rangle \!\,",average average of statistics,"let S be a subset of N for example,  represents the average of all the elements in S.","for a time series :g(t) (t = 1, 2,...) we can define the structure functions Sq():"
"âŸ¨âŸ©âŸ¨,âŸ©","\langle\ \rangle \!\,\langle\ ,\ \rangle \!\,",expectation value the expectation value of probability theory,"For a single discrete variable  of a function , the expectation value of  is defined as , and for a single continuous variable the expectation value of  is defined as ; where  is the PDF of the variable .[17]",
"âŸ¨âŸ©âŸ¨,âŸ©","\langle\ \rangle \!\,\langle\ ,\ \rangle \!\,",linear span (linear) span of;linear hull of linear algebra,"âŸ¨SâŸ© means the span of S âŠ† V. That is, it is the intersection of all subspaces of V which contain S.âŸ¨u1, u2, ...âŸ© is shorthand for âŸ¨{u1, u2, ...}âŸ©. Note that the notation âŸ¨u, vâŸ© may be ambiguous: it could mean the inner product or the linear span. The span of S may also be written as Sp(S).",.
"âŸ¨âŸ©âŸ¨,âŸ©","\langle\ \rangle \!\,\langle\ ,\ \rangle \!\,",subgroup generated by a set the subgroup generated by group theory,"means the smallest subgroup of G (where S âŠ† G, a group) containing every element of S. is shorthand for .","In S3,  and ."
"âŸ¨âŸ©âŸ¨,âŸ©","\langle\ \rangle \!\,\langle\ ,\ \rangle \!\,",tuple tuple; n-tuple;ordered pair/triple/etc;row vector; sequence everywhere,"An ordered list (or sequence, or horizontal vector, or row vector) of values. (The notation (a,b) is often used as well.)",is an ordered pair (or 2-tuple).  is an ordered triple (or 3-tuple).  is the empty tuple (or 0-tuple).
âŸ¨|âŸ©(|),"\langle\ |\ \rangle \!\,(\ |\ ) \!\,",inner product inner product of linear algebra,"âŸ¨u | vâŸ© means the inner product of u and v, where u and v are members of an inner product space.[18] (u | v) means the same.Another variant of the notation is âŸ¨u, vâŸ© which is described above. For spatial vectors, the dot product notation, x Â· y is common. For matrices, the colon notation A : B may be used. As âŸ¨ and âŸ© can be hard to type, the more ""keyboard friendly"" forms < and > are sometimes seen. These are avoided in mathematical texts.",

Symbolin HTML,Symbolin TeX,Name,Explanation,Examples
Symbolin HTML,Symbolin TeX,Read as,Explanation,Examples
Symbolin HTML,Symbolin TeX,Category,Explanation,Examples
âˆ—,\ast or *,convolution convolution;convolved with functional analysis,"fâˆ—g means the convolution of f and g.   (Different than f*g, which means the product of g with the complex conjugate of f, as described below.) (Can also be written in text as   f âˆ— g.)",.
âˆ—,\ast or *,Hodge star operator Hodge star;Hodge dual linear algebra,"âˆ—v means the Hodge dual of a vector v. If v is a k-vector within an n-dimensional oriented quadratic space, then âˆ—v is an (nâˆ’k)-vector.","If  are the standard basis vectors of ,"
*,^\ast or ^*,complex conjugate conjugate complex numbers,"z* means the complex conjugate of z.( can also be used for the conjugate of z, as described below.)",.
*,^\ast or ^*,group of units the group of units of ring theory,"Râˆ— consists of the set of units of the ring R, along with the operation of multiplication.This may also be written RÃ— as described above, or U(R).",
*,^\ast or ^*,hyperreal numbers the (set of) hyperreals non-standard analysis,âˆ—R means the set of hyperreal numbers. Other sets can be used in place of R.,âˆ—N is the hypernatural numbers.
*,^\ast or ^*,"Kleene star Kleene star computer science, mathematical logic","Corresponds to the usage of * in regular expressions. If âˆ‘ is a set of strings, then âˆ‘* is the set of all strings that can be created by concatenating members of âˆ‘. The same string can be used multiple times, and the empty string is also a member of âˆ‘*.","If âˆ‘ = ('a', 'b', 'c') then âˆ‘* includes '', 'a', 'ab', 'aba', 'abac', etc. The full set cannot be enumerated here since it is countably infinite, but each individual string must have finite length."
âˆ,"\propto \!\,",proportionality is proportional to;varies as everywhere,y âˆ x means that y = kx for some constant k.,"if y = 2x, then y âˆ x."
âˆ,"\propto \!\,",Karp reduction[19] is Karp reducible to;is polynomial-time many-one reducible to computational complexity theory,A âˆ B means the problem A can be polynomially reduced to the problem B.,"If L1 âˆ L2 and L2 âˆˆ P, then L1 âˆˆ P."
âˆ–,\setminus,set-theoretic complement minus;without;throw out;not set theory,A âˆ– B means the set that contains all those elements of A that are not in B.[14] (âˆ’ can also be used for set-theoretic complement as described above.),"{1,2,3,4} âˆ– {3,4,5,6} = {1,2}"
|,,conditional event given probability,P(A|B) means the probability of the event A occurring given that B occurs.,if X is a uniformly random day of the year P(X is 25 | X is in May) = 1/31
|,,restriction restriction of ... to ...;restricted to set theory,"f|A means the function f is restricted to the set A, that is, it is the function with domain A âˆ© dom(f) that agrees with f.","The function f : R â†’ R defined by f(x) = x2 is not injective, but f|R+ is injective."
|,,such that such that;so that everywhere,"| means ""such that"", see "":"" (described below).","S = {(x,y) | 0 < y < f(x)} The set of (x,y) such that y is greater than 0 and less than f(x)."
âˆ£âˆ¤,\mid \nmid,"divisor, divides divides number theory","a âˆ£ b means a divides b. a âˆ¤ b means a does not divide b. (The symbol âˆ£ can be difficult to type, and its negation is rare, so a regular but slightly shorter vertical bar | character is often used instead.)","Since 15 = 3 Ã— 5, it is true that 3 âˆ£ 15 and 5 âˆ£ 15."
âˆ£âˆ£,\mid\mid,exact divisibility exactly divides number theory,pa âˆ£âˆ£ n means pa exactly divides n (i.e. pa divides n but pa+1 does not).,23 âˆ£âˆ£ 360.
âˆ¥âˆ¦â‹•,"\|Requires the viewer to support Unicode: \unicode{x2225}, \unicode{x2226}, and \unicode{x22D5}. \mathrel{\rlap{\,\parallel}} requires \setmathfont{MathJax}.[20]",parallel is parallel to geometry,"x âˆ¥ y means x is parallel to y.x âˆ¦ y means x is not parallel to y.x â‹• y means x is equal and parallel to y.(The symbol âˆ¥ can be difficult to type, and its negation is rare, so two regular but slightly longer vertical bar || characters are often used instead.)",If l âˆ¥ m and m âŠ¥ n then l âŠ¥ n.
âˆ¥âˆ¦â‹•,"\|Requires the viewer to support Unicode: \unicode{x2225}, \unicode{x2226}, and \unicode{x22D5}. \mathrel{\rlap{\,\parallel}} requires \setmathfont{MathJax}.[20]",incomparability is incomparable to order theory,x âˆ¥ y means x is incomparable to y.,"{1,2} âˆ¥ {2,3} under set containment."
#,\sharp,cardinality cardinality of;size of;order of set theory,#X means the cardinality of the set X.(|...| may be used instead as described above.),"#{4, 6, 8} = 3"
#,\sharp,"connected sum connected sum of;knot sum of;knot composition of topology, knot theory","A#B is the connected sum of the manifolds A and B. If A and B are knots, then this denotes the knot sum, which has a slightly stronger condition.","A#Sm is homeomorphic to A, for any manifold A, and the sphere Sm."
#,\sharp,primorial primorial number theory,n# is product of all prime numbers less than or equal to n.,12# = 2 Ã— 3 Ã— 5 Ã— 7 Ã— 11 = 2310
:,,such that such that;so that everywhere,": means ""such that"", and is used in proofs and the set-builder notation (described below).",âˆƒ n âˆˆ â„•: n is even.
:,,field extension extends;over field theory,K : F means the field K extends the field F.This may also be written as K â‰¥ F.,â„ : â„š
:,,inner product of matrices inner product of linear algebra,"A : B means the Frobenius inner product of the matrices A and B.The general inner product is denoted by âŸ¨u, vâŸ©, âŸ¨u | vâŸ© or (u | v), as described below. For spatial vectors, the dot product notation, xÂ·y is common. See also braâ€“ket notation.",
:,,index of a subgroup index of subgroup group theory,"The index of a subgroup H in a group G is the ""relative size"" of H in G: equivalently, the number of ""copies"" (cosets) of H that fill up G",
:,,division divided byover everywhere,A : B means the division of A with B (dividing A by B),10 : 2 = 5
â‹®,"\vdots \!\,",vertical ellipsis vertical ellipsis everywhere,Denotes that certain constants and terms are missing out (e.g. for clarity) and that only the important terms are being listed.,
â‰€,"\wr \!\,",wreath product wreath product of ... by ... group theory,A â‰€ H means the wreath product of the group A by the group H.This may also be written A wr H.,"is isomorphic to the automorphism group of the complete bipartite graph on (n,n) vertices."
â†¯â¨³â‡’â‡,\blitza\lightning: requires \usepackage{stmaryd}.[21] \smashtimes requires \usepackage{unicode-math} and \setmathfont{XITS Math} or another Open Type Math Font.[22] [2]\Rightarrow\Leftarrow  [2] \bot [2] \nleftrightarrow \textreferencemark[2] Contradiction![2],downwards zigzag arrow contradiction; this contradicts that everywhere,"Denotes that contradictory statements have been inferred. For clarity, the exact point of contradiction can be appended.","x + 4 = x âˆ’ 3 â€»Statement: Every finite, non-empty, ordered set has a largest element. Otherwise, let's assume that  is a finite, non-empty, ordered set with no largest element. Then, for some , there exists an  with , but then there's also an  with , and so on. Thus,  are distinct elements in . â†¯  is finite."
âŠ•âŠ»,"\oplus \!\,\veebar \!\,","exclusive or xor propositional logic, Boolean algebra","The statement A âŠ• B is true when either A or B, but not both, are true. A âŠ» B means the same.","(Â¬A) âŠ• A is always true, A âŠ• A is always false."
âŠ•âŠ»,"\oplus \!\,\veebar \!\,",direct sum direct sum of abstract algebra,"The direct sum is a special way of combining several objects into one general object.(The bun symbol âŠ•, or the coproduct symbol âˆ, is used; âŠ» is only for logic.)","Most commonly, for vector spaces U, V, and W, the following consequence is used:U = V âŠ• W â‡” (U = V + W) âˆ§ (V âˆ© W = {0})"
,{~\wedge\!\!\!\!\!\!\!\!\;\bigcirc~},Kulkarniâ€“Nomizu product Kulkarniâ€“Nomizu product tensor algebra,"Derived from the tensor product of two symmetric type (0,2) tensors; it has the algebraic symmetries of the Riemann tensor.  has components .",
â–¡,\Box \!\,D'Alembertian;wave operator non-Euclidean Laplacian vector calculus,It is the generalisation of the Laplace operator in the sense that it is the differential operator which is invariant under the isometry group of the underlying space and it reduces to the Laplace operator if restricted to time independent functions.,

Symbolin HTML,Symbolin TeX,Name,Explanation,Examples
Symbolin HTML,Symbolin TeX,Read as,Explanation,Examples
Symbolin HTML,Symbolin TeX,Category,Explanation,Examples
a,\bar{a},mean overbar;... bar statistics,"(often read as ""x bar"") is the mean (average value of ).",.
a,\bar{a},"finite sequence, tuple finite sequence, tuple model theory",means the finite sequence/tuple .,.
a,\bar{a},algebraic closure algebraic closure of field theory,is the algebraic closure of the field F.,The field of algebraic numbers is sometimes denoted as  because it is the algebraic closure of the rational numbers .
a,\bar{a},complex conjugate conjugate complex numbers,"means the complex conjugate of z.(zâˆ— can also be used for the conjugate of z, as described above.)",.
a,\bar{a},topological closure (topological) closure of topology,is the topological closure of the set S.This may also be denoted as cl(S) or Cl(S).,"In the space of the real numbers,  (the rational numbers are dense in the real numbers)."
,\overset{\rightharpoonup}{a},vector harpoon linear algebra,,
Ã¢,\hat a,unit vector hat geometry,"(pronounced ""a hat"") is the normalized version of vector , having length 1.",
Ã¢,\hat a,estimator estimator for statistics,is the estimator or the estimate for the parameter .,The estimator  produces a sample estimate  for the mean .
â€²,',derivative ... prime;derivative of calculus,"f â€²(x) means the derivative of the function f at the point x, i.e., the slope of the tangent to f at x.(The single-quote character ' is sometimes used instead, especially in ASCII text.)","If f(x) := x2, then f â€²(x) = 2x."
â€¢,"\dot{\,}",derivative ... dot;time derivative of calculus,means the derivative of x with respect to time. That is .,"If x(t) := t2, then ."

Symbolin HTML,Symbolin TeX,Name,Explanation,Examples
Symbolin HTML,Symbolin TeX,Read as,Explanation,Examples
Symbolin HTML,Symbolin TeX,Category,Explanation,Examples
âˆ€,\forall,universal quantification for all;for any;for each;for every predicate logic,"âˆ€ x, P(x) means P(x) is true for all x.","âˆ€ n âˆˆ â„•, n2 â‰¥ n."
ğ”¹B,\mathbb{B} \mathbf{B},"boolean domain B;the (set of) boolean values;the (set of) truth values; set theory, boolean algebra","ğ”¹ means either {0, 1}, {false, true}, {F, T}, or .",(Â¬False) âˆˆ ğ”¹
â„‚C,\mathbb{C} \mathbf{C},complex numbers C;the (set of) complex numbers numbers,"â„‚ means {a + b i : a,b âˆˆ â„}.",i âˆˆ â„‚
ğ” ,\mathfrak c,cardinality of the continuum cardinality of the continuum;c;cardinality of the real numbers set theory,The cardinality of  is denoted by  or by the symbol  (a lowercase Fraktur letter C).,
âˆ‚,\partial,partial derivative partial;d calculus,"âˆ‚f/âˆ‚xi means the partial derivative of f with respect to xi, where f is a function on (x1, ..., xn).","If f(x,y) := x2y, then âˆ‚f/âˆ‚x = 2xy,"
âˆ‚,\partial,boundary boundary of topology,âˆ‚M means the boundary of M,âˆ‚{x : ||x|| â‰¤ 2} = {x : ||x|| = 2}
âˆ‚,\partial,degree of a polynomial degree of algebra,âˆ‚f means the degree of the polynomial f. (This may also be written deg f.),âˆ‚(x2 âˆ’ 1) = 2
ğ”¼E,\mathbb E\mathrm{E},expected value expected value probability theory,"the value of a random variable one would ""expect"" to find if one could repeat the random variable process an infinite number of times and take the average of the values obtained",
âˆƒ,\exists,existential quantification there exists;there is;there are predicate logic,âˆƒ x: P(x) means there is at least one x such that P(x) is true.,âˆƒ n âˆˆ â„•: n is even.
âˆƒ!,\exists!,uniqueness quantification there exists exactly one predicate logic,âˆƒ! x: P(x) means there is exactly one x such that P(x) is true.,âˆƒ! n âˆˆ â„•: n + 5 = 2n.
âˆˆâˆ‰,\in \notin,"set membership is an element of;is not an element of everywhere, set theory",a âˆˆ S means a is an element of the set S;[16] a âˆ‰ S means a is not an element of S.[16],(1/2)âˆ’1 âˆˆ â„•2âˆ’1 âˆ‰ â„•
âˆŒ,\not\ni,set membership does not contain as an element set theory,"S âˆŒ e means the same thing as e âˆ‰ S, where S is a set and e is not an element of S.",
âˆ‹,\ni,such that symbol such that mathematical logic,"often abbreviated as ""s.t.""; : and | are also used to abbreviate ""such that"".  The use of âˆ‹ goes back to early mathematical logic and its usage in this sense is declining. The symbol  (""back epsilon"") is sometimes specifically used for ""such that"" to avoid confusion with set membership.","Choose  âˆ‹ 2| and 3|.  (Here | is used in the sense of ""divides"".)"
âˆ‹,\ni,set membership contains as an element set theory,"S âˆ‹ e means the same thing as e âˆˆ S, where S is a set and e is an element of S.",
ğ”½,\mathbb{F},"Galois field Galois field, or finite field Field (mathematics) theory",", for any prime p and integer n, is the unique finite field with order , often written , and sometimes also known as , , or , although this last notation is ambiguous.","is , the finite field in whose quadratic extension the popular elliptic curve Curve25519 is computed."
â„H,\mathbb{H} \mathbf{H},quaternions or Hamiltonian quaternions H;the (set of) quaternions numbers,"â„ means {a + b i + c j + d k : a,b,c,d âˆˆ â„}.",
ğ•€I,\mathbb{I} \mathbf{I},Indicator function the indicator of Boolean algebra,The indicator function of a subset A of a set X is a function  defined as :  Note that the indicator function is also sometimes denoted 1.,
â„•N,\mathbb{N} \mathbf{N},natural numbers the (set of) natural numbers numbers,"N means either { 0, 1, 2, 3, ...} or { 1, 2, 3, ...}. The choice depends on the area of mathematics being studied; e.g. number theorists prefer the latter; analysts, set theorists and computer scientists prefer the former. To avoid confusion, always check an author's definition of N.Set theorists often use the notation Ï‰ (for least infinite ordinal) to denote the set of natural numbers (including zero), along with the standard ordering relation â‰¤.",â„• = {|a| : a âˆˆ â„¤} or â„• = {|a| > 0: a âˆˆ â„¤}
â—‹âŠ™,\circ[23][24]\odot,"Hadamard product entrywise product, elementwise product, circled dot linear algebra",For two matrices (or vectors) of the same dimensions  the Hadamard product is a matrix of the same dimensions  with elements given by .,
âˆ˜,\circ,function composition composed with set theory,f âˆ˜ g is the function such that (f âˆ˜ g)(x) = f(g(x)).[25],"if f(x) := 2x, and g(x) := x + 3, then  (f âˆ˜ g)(x) = 2(x + 3)."
O,O,Big O notation big-oh of Computational complexity theory,"The Big O notation describes the limiting behavior of a function, when the argument tends towards a particular value or infinity.","If f(x) = 6x4 âˆ’ 2x3 + 5 and g(x) = x4, then"
âˆ… { },\emptyset \varnothing \{\},empty set the empty set               null set set theory,âˆ… means the set with no elements.[16] { } means the same.,{n âˆˆ â„• : 1 < n2 < 4} = âˆ…
â„™P,\mathbb{P} \mathbf{P},set of primes P;the set of prime numbers arithmetic,â„™ is often used to denote the set of prime numbers.,
â„™P,\mathbb{P} \mathbf{P},projective space P;the projective space;the projective line;the projective plane topology,â„™ means a space with a point at infinity.,","
â„™P,\mathbb{P} \mathbf{P},polynomials the space of all possible polynomials vector space,â„™ means anxn + an-1xn-1...a1x+a0 â„™n means the space of all polynomials of degree less than or equal to n,
â„™P,\mathbb{P} \mathbf{P},probability the probability of probability theory,"â„™(X) means the probability of the event X occurring.This may also be written as P(X),  Pr(X), P[X] or Pr[X].","If a fair coin is flipped, â„™(Heads) = â„™(Tails) = 0.5."
â„™P,\mathbb{P} \mathbf{P},Power set the Power set of Powerset,"Given a set S, the power set of S is the set of all subsets of the set S. The power set of S0 is denoted by P(S).","The power set P({0, 1, 2}) is the set of all subsets of {0, 1, 2}. Hence, P({0, 1, 2}) = {âˆ…, {0}, {1}, {2}, {0, 1}, {0, 2}, {1, 2}, {0, 1, 2} }."
â„šQ,\mathbb{Q} \mathbf{Q},rational numbers Q;the (set of) rational numbers;the rationals numbers,"â„š means {p/q : p âˆˆ â„¤, q âˆˆ â„•}.",3.14000... âˆˆ â„šÏ€ âˆ‰ â„š
â„špQp,\mathbb{Q}_p \mathbf{Q}_p,p-adic numbers the (set of) p-adic numbers;the p-adics numbers,"â„š means {p/q : p âˆˆ â„¤, q âˆˆ â„•}.",
â„R,\mathbb{R} \mathbf{R},real numbers R;the (set of) real numbers;the reals numbers,â„ means the set of real numbers.,Ï€ âˆˆ â„âˆš(âˆ’1) âˆ‰ â„
â€ ,{}^\dagger,conjugate transpose conjugate transpose;adjoint;Hermitian adjoint/conjugate/transpose/dagger matrix operations,"Aâ€  means the transpose of the complex conjugate of A.[26]This may also be written Aâˆ—T, ATâˆ—, Aâˆ—, AT or AT.",If A = (aij) then Aâ€  = (aji).
T,{}^{\mathsf{T}},transpose transpose matrix operations,"AT means A, but with its rows swapped for columns. This may also be written Aâ€², At or Atr.",If A = (aij) then AT = (aji).
âŠ¤,\top,top element the top element lattice theory,âŠ¤ means the largest element of a lattice.,âˆ€x : x âˆ§ âŠ¤ = x
âŠ¤,\top,top type the top type; top type theory,âŠ¤ means the top or universal type; every type in the type system of interest is a subtype of top.,"âˆ€ types T, T <: âŠ¤"
âŠ¥,\bot,perpendicular is perpendicular to geometry,x âŠ¥ y means x is perpendicular to y; or more generally x is orthogonal to y.,"If l âŠ¥ m and m âŠ¥ n in the plane, then l || n."
âŠ¥,\bot,orthogonal complement orthogonal/ perpendicular complement of;perp linear algebra,"WâŠ¥ means the orthogonal complement of W (where W is a subspace of the inner product space V), the set of all vectors in V orthogonal to every vector in W.","Within , ."
âŠ¥,\bot,coprime is coprime to number theory,x âŠ¥ y means x has no factor greater than 1 in common with y.,34  âŠ¥  55
âŠ¥,\bot,independent is independent of probability,"A âŠ¥ B means A is an event whose probability is independent of event B. The double perpendicular symbol () is also commonly used for the purpose of denoting this, for instance:  (In LaTeX, the command is: ""A \perp\!\!\!\perp B"".)","If A âŠ¥ B, then P(A|B) = P(A)."
âŠ¥,\bot,bottom element the bottom element lattice theory,âŠ¥ means the smallest element of a lattice.,âˆ€x : x âˆ¨ âŠ¥ = x
âŠ¥,\bot,bottom type the bottom type;bot type theory,âŠ¥ means the bottom type (a.k.a. the zero type or empty type); bottom is the subtype of every type in the type system.,"âˆ€ types T, âŠ¥ <: T"
âŠ¥,\bot,comparability is comparable to order theory,x âŠ¥ y means that x is comparable to y.,"{e, Ï€} âŠ¥ {1, 2, e, 3, Ï€} under set containment."
ğ•ŒU,\mathbb{U}\mathbf{U},all numbers being considered U;the universal set;the set of all numbers;all numbers considered set theory,"ğ•Œ means ""the set of all elements being considered.""It may represent all numbers both real and complex, or any subset of theseâ€”hence the term ""universal"".","ğ•Œ = {â„,â„‚} includes all numbers.If instead, ğ•Œ = {â„¤,â„‚}, then Ï€ âˆ‰ ğ•Œ."
âˆª,\cup,set-theoretic union the union of ... or ...;union set theory,"A âˆª B means the set of those elements which are either in A, or in B, or in both.[14]",A âŠ† B  â‡”  (A âˆª B) = B
âˆ©,\cap,set-theoretic intersection intersected with;intersect set theory,A âˆ© B means the set that contains all  those elements that A and B have in common.[14],{x âˆˆ â„ : x2 = 1} âˆ© â„• = {1}
âˆ¨,\lor,"logical disjunction or join in a lattice or;max;join propositional logic, lattice theory","The statement A âˆ¨ B is true if A or B (or both) are true; if both are false, the statement is false. For functions A(x) and B(x), A(x) âˆ¨ B(x) is used to mean max(A(x), B(x)).",n â‰¥ 4  âˆ¨  n â‰¤ 2  â‡” n â‰  3 when n is a natural number.
âˆ§,\land (logical and)\wedge(wedge product),"logical conjunction or meet in a lattice and;min;meet propositional logic, lattice theory","The statement A âˆ§ B is true if A and B are both true; else it is false. For functions A(x) and B(x), A(x) âˆ§ B(x) is used to mean min(A(x), B(x)).",n < 4  âˆ§ n > 2 â‡” n = 3 when n is a natural number.
âˆ§,\land (logical and)\wedge(wedge product),wedge product wedge product;exterior product exterior algebra,u âˆ§ v means the wedge product of any multivectors u and v. In three-dimensional Euclidean space the wedge product and the cross product of two vectors are each other's Hodge dual.,
Ã—,\times,multiplication times;multiplied by arithmetic,"3 Ã— 4 means the multiplication of 3 by 4.(The symbol * is generally used in programming languages, where ease of typing and use of ASCII text is preferred.)",7 Ã— 8 = 56
Ã—,\times,Cartesian product the Cartesian product of ... and ...;the direct product of ... and ... set theory,X Ã— Y means the set of all ordered pairs with the first element of each pair selected from X and the second element selected from Y.,"{1,2} Ã— {3,4} = {(1,3),(1,4),(2,3),(2,4)}"
Ã—,\times,cross product cross linear algebra,u Ã— v means the cross product of vectors u and v,"(1,2,5) Ã— (3,4,âˆ’1) = (âˆ’22, 16, âˆ’ 2)"
Ã—,\times,group of units the group of units of ring theory,"RÃ— consists of the set of units of the ring R, along with the operation of multiplication.This may also be written Râˆ— as described below, or U(R).",
âŠ—,\otimes,"tensor product, tensor product of modules tensor product of linear algebra",means the tensor product of V and U.[27]  means the tensor product of modules V and U over the ring R.,"{1, 2, 3, 4} âŠ— {1, 1, 2} = {{1, 1, 2}, {2, 2, 4}, {3, 3, 6}, {4, 4, 8}}"
â‹‰â‹Š,\ltimes\rtimes,semidirect product the semidirect product of group theory,"N â‹ŠÏ† H is the semidirect product of N (a normal subgroup) and H (a subgroup), with respect to Ï†. Also, if G = N â‹ŠÏ† H, then G is said to split over N.(â‹Š may also be written the other way round, as â‹‰, or as Ã—.)",
â‹‰â‹Š,\ltimes\rtimes,semijoin the semijoin of relational algebra,"R â‹‰ S is the semijoin of the relations R and S, the set of all tuples in R for which there is a tuple in S that is equal on their common attribute names.","R  S = a1,..,an(R  S)"
â‹ˆ,\bowtie,natural join the natural join of relational algebra,"R â‹ˆ S is the natural join of the relations R and S, the set of all combinations of tuples in R and S that are equal on their common attribute names.",
â„¤Z,\mathbb{Z}\mathbf{Z},integers the (set of) integers numbers,"â„¤ means {..., âˆ’3, âˆ’2, âˆ’1, 0, 1, 2, 3, ...}. â„¤+ or â„¤> means {1, 2, 3, ...} . â„¤â‰¥ means {0, 1, 2, 3, ...} . â„¤* is used by some authors to mean {0, 1, 2, 3, ...}[28] and others to mean {... -2, -1, 1, 2, 3, ... }[29]  .","â„¤ = {p, âˆ’p : p âˆˆ â„• âˆª {0}}"
â„¤nâ„¤pZnZp,\mathbb{Z}_n\mathbb{Z}_p\mathbf{Z}_n,integers mod n the (set of) integers modulo n numbers,"â„¤n means {[0], [1], [2], ...[nâˆ’1]} with addition and multiplication modulo n.Note that any letter may be used instead of n, such as p. To avoid confusion with p-adic numbers, use â„¤/pâ„¤ or â„¤/(p) instead.","â„¤3 = {[0], [1], [2]}"
â„¤nâ„¤pZnZp,\mathbb{Z}_n\mathbb{Z}_p\mathbf{Z}_n,p-adic integers the (set of) p-adic integers numbers,"Note that any letter may be used instead of p, such as n or l.",

Symbolin HTML,Symbolin TeX,Name,Explanation,Examples
Symbolin HTML,Symbolin TeX,Read as,Explanation,Examples
Symbolin HTML,Symbolin TeX,Category,Explanation,Examples
â„µ,\aleph,aleph number aleph set theory,"â„µÎ± represents an infinite cardinality (specifically, the Î±-th one, where Î± is an ordinal).","|â„•| = â„µ0, which is called aleph-null."
â„¶,\beth,beth number beth set theory,"â„¶Î± represents an infinite cardinality (similar to â„µ, but â„¶ does not necessarily index all of the numbers indexed by â„µ. ).",
Î“,\Gamma,Gamma function Gamma function combinatorics,,:
Î´,\delta,Dirac delta function Dirac delta of hyperfunction,,Î´(x)
Î´,\delta,Kronecker delta Kronecker delta of hyperfunction,,Î´ij
Î´,\delta,Functional derivative Functional derivative of Differential operators,,
âˆ†âŠ–âŠ•,\vartriangle \ominus \oplus,symmetric difference symmetric difference set theory,"A âˆ† B (or A âŠ– B) means the set of elements in exactly one of A or B.(Not to be confused with delta, Î”, described below.)","{1,5,6,8} âˆ† {2,5,8} = {1,2,6}{3,4,5,6} âŠ– {1,2,5,6} = {1,2,3,4}"
Î”,\Delta,delta delta;change in calculus,"Î”x means a (non-infinitesimal) change in x.(If the change becomes infinitesimal, Î´ and even d are used instead. Not to be confused with the symmetric difference, written âˆ†, above.)",is the gradient of a straight line.
Î”,\Delta,Laplacian Laplace operator vector calculus,The Laplace operator is a second order differential operator in n-dimensional Euclidean space,"If Æ’ is a twice-differentiable real-valued function, then the Laplacian of Æ’ is defined by"
âˆ‡,\nabla,gradient del;nabla;gradient of vector calculus,"âˆ‡f (x1, ..., xn) is the vector of partial derivatives (âˆ‚f / âˆ‚x1, ..., âˆ‚f / âˆ‚xn).","If f (x,y,z) := 3xy + zÂ², then âˆ‡f = (3y, 3x, 2z)"
âˆ‡,\nabla,divergence del dot;divergence of vector calculus,,"If , then ."
âˆ‡,\nabla,curl curl of vector calculus,,"If , then ."
Ï€,\pi,Pi pi;3.1415926...;â‰ˆ355Ã·113 mathematical constant,"Used in various formulas involving circles; Ï€ is equivalent to the amount of area a circle would take up in a square of equal width with an area of 4 square units, roughly 3.14159. It is also the ratio of the circumference to the diameter of a circle.",A = Ï€R2 = 314.16 â†’ R = 10
Ï€,\pi,prime-counting function prime-counting function of number theory,counts the number of prime numbers less than or equal to .,
Ï€,\pi,projection Projection of relational algebra,restricts  to the  attribute set.,
Ï€,\pi,Homotopy group the nth Homotopy group of Homotopy theory,consists of homotopy equivalence classes of base point preserving maps from an n-dimensional sphere (with base point) into the pointed space X.,
âˆ,\prod,product product over ... from ... to ... of arithmetic,means .,
âˆ,\prod,Cartesian product the Cartesian product of;the direct product of set theory,"means the set of all (n+1)-tuples (y0, ..., yn).",
âˆ,\coprod,coproduct coproduct over ... from ... to ... of category theory,"A general construction which subsumes the disjoint union of sets and of topological spaces, the free product of groups, and the direct sum of modules and vector spaces.  The coproduct of a family of objects is essentially the ""least specific"" object to which each object in the family admits a morphism.",
Ïƒ,\sigma,selection Selection of relational algebra,The selection  selects all those tuples in  for which  holds between the  and the  attribute. The selection  selects all those tuples in  for which  holds between the  attribute and the value .,
âˆ‘,\sum,summation sum over ... from ... to ... of arithmetic,means .,
